{
  "accuracy": 0.9970943411779253,
  "precision": 0.9982424020505309,
  "recall": 0.9966002558947176,
  "f1_score": 0.9974206530686911,
  "roc_auc": 0.9999383612776626
}