{
  "rmse": 0.003418445591836009,
  "mae": 0.002156166424617497,
  "r2_score": 0.9999999997241912,
  "mape": 0.0011644853519137137
}